<?xml version="1.0" encoding="UTF-8" standalone="no"?>
<Skatteverket omrade="Arbetsgivardeklaration" xmlns="http://xmls.skatteverket.se/se/skatteverket/da/instans/schema/1.1" xmlns:agd="http://xmls.skatteverket.se/se/skatteverket/da/komponent/schema/1.1" xmlns:xsi="http://www.w3.org/2001/XMLSchema-instance" xsi:schemaLocation="http://xmls.skatteverket.se/se/skatteverket/da/instans/schema/1.1 http://xmls.skatteverket.se/se/skatteverket/da/arbetsgivardeklaration/arbetsgivardeklaration_1.1.xsd">
  <agd:Avsandare>
    <agd:Programnamn>Programutvecklarna AB</agd:Programnamn>
    <agd:Organisationsnummer>190002039006</agd:Organisationsnummer>
    <agd:TekniskKontaktperson>
      <agd:Namn>Ville Vessla</agd:Namn>
      <agd:Telefon>23-2-4-244454</agd:Telefon>
      <agd:Epostadress>ville.vessla@programutvecklarna.com</agd:Epostadress>
      <agd:Utdelningsadress1>Artillerigatan 11</agd:Utdelningsadress1>
      <agd:Utdelningsadress2>Port 33</agd:Utdelningsadress2>
      <agd:Postnummer>62145</agd:Postnummer>
      <agd:Postort>Visby</agd:Postort>
    </agd:TekniskKontaktperson>
    <agd:Skapad>2019-01-30T07:42:25</agd:Skapad>
  </agd:Avsandare>
  <agd:Blankettgemensamt>
    <agd:Arbetsgivare>
      <agd:AgRegistreradId>165560269986</agd:AgRegistreradId>
      <agd:Kontaktperson>
        <agd:Namn>Jonas Persson</agd:Namn>
        <agd:Telefon>23-2-4-244454</agd:Telefon>
        <agd:Epostadress>jonas.persson@sonjasfrohandel.se</agd:Epostadress>
      </agd:Kontaktperson>
    </agd:Arbetsgivare>
  </agd:Blankettgemensamt>

  <!-- Uppgift 1 IU -->
  <agd:Blankett>
    <agd:Arendeinformation>
      <agd:Arendeagare>165560269986</agd:Arendeagare>
      <agd:Period>201901</agd:Period>
    </agd:Arendeinformation>
    <agd:Blankettinnehall>
      <agd:IU>
        <agd:ArbetsgivareIUGROUP>
          <agd:AgRegistreradId faltkod="201">165560269986</agd:AgRegistreradId>
        </agd:ArbetsgivareIUGROUP>
        <agd:BetalningsmottagareIUGROUP>
          <agd:BetalningsmottagareIDChoice>
            <agd:BetalningsmottagarId faltkod="215">197902802383</agd:BetalningsmottagarId>
          </agd:BetalningsmottagareIDChoice>
          <agd:Fornamn faltkod="216">Per</agd:Fornamn>
          <agd:Efternamn faltkod="217">Persson</agd:Efternamn>
          <agd:Gatuadress faltkod="218">S.t Paris</agd:Gatuadress>
          <agd:Postnummer faltkod="219">12345</agd:Postnummer>
          <agd:Postort faltkod="220">Paris</agd:Postort>
          <agd:LandskodPostort faltkod="221">FR</agd:LandskodPostort>
          <agd:LandskodMedborgare faltkod="081">FR</agd:LandskodMedborgare>
          <agd:TIN faltkod="252">0009999999999</agd:TIN>
          <agd:LandskodTIN faltkod="076">FR</agd:LandskodTIN>
        </agd:BetalningsmottagareIUGROUP>
        <agd:RedovisningsPeriod faltkod="006">201901</agd:RedovisningsPeriod>
        <agd:Specifikationsnummer faltkod="570">001</agd:Specifikationsnummer>
        <agd:KontantErsattningUlagAG faltkod="011">48100</agd:KontantErsattningUlagAG>
        <agd:AvdrSkattSINK faltkod="274">9620</agd:AvdrSkattSINK>
      </agd:IU>
    </agd:Blankettinnehall>
  </agd:Blankett>

</Skatteverket>
