﻿<?xml version="1.0" encoding="UTF-8" standalone="no"?>
<Skatteverket omrade="Arbetsgivardeklaration" xmlns="http://xmls.skatteverket.se/se/skatteverket/da/instans/schema/1.1" xmlns:agd="http://xmls.skatteverket.se/se/skatteverket/da/komponent/schema/1.1" xmlns:xsi="http://www.w3.org/2001/XMLSchema-instance" xsi:schemaLocation="http://xmls.skatteverket.se/se/skatteverket/da/instans/schema/1.1 http://xmls.skatteverket.se/se/skatteverket/da/arbetsgivardeklaration/arbetsgivardeklaration_1.1.xsd">
  <agd:Avsandare>
    <agd:Programnamn>Programmakarna AB</agd:Programnamn>
    <agd:Organisationsnummer>190002039006</agd:Organisationsnummer>
    <agd:TekniskKontaktperson>
      <agd:Namn>Valle Vadman</agd:Namn>
      <agd:Telefon>065-544994</agd:Telefon>
      <agd:Epostadress>valle.vadman@programmakarna.se</agd:Epostadress>
      <agd:Utdelningsadress1>Artillerigatan 11</agd:Utdelningsadress1>
      <agd:Postnummer>62145</agd:Postnummer>
      <agd:Postort>Visby</agd:Postort>
    </agd:TekniskKontaktperson>
    <agd:Skapad>2019-01-30T07:42:25</agd:Skapad>
  </agd:Avsandare>
  <agd:Blankettgemensamt>
    <agd:Arbetsgivare>
      <agd:AgRegistreradId>168780004696</agd:AgRegistreradId>
      <agd:Kontaktperson>
        <agd:Namn>Maria Borg</agd:Namn>
        <agd:Telefon>555-284121</agd:Telefon>
        <agd:Epostadress>maria.borg@bolaget.se</agd:Epostadress>
      </agd:Kontaktperson>
    </agd:Arbetsgivare>
  </agd:Blankettgemensamt>

  <!-- Uppgift 1 HU -->
  <agd:Blankett>
    <agd:Arendeinformation>
      <agd:Arendeagare>168780004696</agd:Arendeagare>
      <agd:Period>201905</agd:Period>
    </agd:Arendeinformation>
    <agd:Blankettinnehall>
      <agd:HU>
        <agd:ArbetsgivareHUGROUP>
          <agd:AgRegistreradId faltkod="201">168780004696</agd:AgRegistreradId>
        </agd:ArbetsgivareHUGROUP>
        <agd:RedovisningsPeriod faltkod="006">201905</agd:RedovisningsPeriod>
        <agd:SummaArbAvgSlf faltkod="487">377</agd:SummaArbAvgSlf>
      </agd:HU>
    </agd:Blankettinnehall>
  </agd:Blankett>

  <!-- Uppgift 1 IU där ersättning nu överstiger 1000 kr och blir avgiftspliktig, se exempel i avsnitt 4.3 i tekniska beskrivningen / where remuneration now exceeds SEK 1,000 and becomes basis for employers contributions, see example in section 4.3 of the technical description. -->
  <agd:Blankett>
    <agd:Arendeinformation>
      <agd:Arendeagare>168780004696</agd:Arendeagare>
      <agd:Period>201905</agd:Period>
    </agd:Arendeinformation>
    <agd:Blankettinnehall>
      <agd:IU>
        <agd:ArbetsgivareIUGROUP>
          <agd:AgRegistreradId faltkod="201">168780004696</agd:AgRegistreradId>
        </agd:ArbetsgivareIUGROUP>
        <agd:BetalningsmottagareIUGROUP>
          <agd:BetalningsmottagareIDChoice>
            <agd:BetalningsmottagarId faltkod="215">199206022387</agd:BetalningsmottagarId>
          </agd:BetalningsmottagareIDChoice>
        </agd:BetalningsmottagareIUGROUP>
        <agd:RedovisningsPeriod faltkod="006">201905</agd:RedovisningsPeriod>
        <agd:Specifikationsnummer faltkod="570">001</agd:Specifikationsnummer>
        <agd:KontantErsattningUlagAG faltkod="011">1200</agd:KontantErsattningUlagAG>
        <agd:AvrakningAvgiftsfriErs faltkod="010">200</agd:AvrakningAvgiftsfriErs>
		<agd:AvdrPrelSkatt faltkod="001">0</agd:AvdrPrelSkatt>
      </agd:IU>
    </agd:Blankettinnehall>
  </agd:Blankett>


</Skatteverket>
