﻿<?xml version="1.0" encoding="UTF-8" standalone="no"?>
<Skatteverket omrade="Arbetsgivardeklaration" xmlns="http://xmls.skatteverket.se/se/skatteverket/da/instans/schema/1.1" xmlns:agd="http://xmls.skatteverket.se/se/skatteverket/da/komponent/schema/1.1" xmlns:xsi="http://www.w3.org/2001/XMLSchema-instance" xsi:schemaLocation="http://xmls.skatteverket.se/se/skatteverket/da/instans/schema/1.1 http://xmls.skatteverket.se/se/skatteverket/da/arbetsgivardeklaration/arbetsgivardeklaration_1.1.xsd">
  <agd:Avsandare>
    <agd:Programnamn>Programutvecklarna AB</agd:Programnamn>
    <agd:Organisationsnummer>190002039006</agd:Organisationsnummer>
    <agd:TekniskKontaktperson>
      <agd:Namn>Jonas Persson</agd:Namn>
      <agd:Telefon>23-2-5554454</agd:Telefon>
      <agd:Epostadress>jonas.persson@programutvecklarna.se</agd:Epostadress>
      <agd:Utdelningsadress1>Låtgatan 11</agd:Utdelningsadress1>
      <agd:Postnummer>22145</agd:Postnummer>
      <agd:Postort>Sångby</agd:Postort>
    </agd:TekniskKontaktperson>
    <agd:Skapad>2019-01-30T07:42:25</agd:Skapad>
  </agd:Avsandare>
  <agd:Blankettgemensamt>
    <agd:Arbetsgivare>
      <agd:AgRegistreradId>165560143041</agd:AgRegistreradId>
      <agd:Kontaktperson>
        <agd:Namn>Jon Persson</agd:Namn>
        <agd:Telefon>555-720754</agd:Telefon>
        <agd:Epostadress>jon.persson@rederiet.se</agd:Epostadress>
        <agd:Sakomrade>Karlshamnskontoret</agd:Sakomrade>
      </agd:Kontaktperson>
    </agd:Arbetsgivare>
  </agd:Blankettgemensamt>

  <!-- Uppgift 1 IU -->
  <agd:Blankett>
    <agd:Arendeinformation>
      <agd:Arendeagare>165560143041</agd:Arendeagare>
      <agd:Period>201901</agd:Period>
    </agd:Arendeinformation>
    <agd:Blankettinnehall>
      <agd:IU>
        <agd:ArbetsgivareIUGROUP>
          <agd:AgRegistreradId faltkod="201">165560143041</agd:AgRegistreradId>
        </agd:ArbetsgivareIUGROUP>
        <agd:BetalningsmottagareIUGROUP>
          <agd:BetalningsmottagareIDChoice>
            <agd:BetalningsmottagarId faltkod="215">197711027768</agd:BetalningsmottagarId>
          </agd:BetalningsmottagareIDChoice>
        </agd:BetalningsmottagareIUGROUP>
        <agd:RedovisningsPeriod faltkod="006">201901</agd:RedovisningsPeriod>
        <agd:Specifikationsnummer faltkod="570">001</agd:Specifikationsnummer>
        <agd:KontantErsattningUlagAG faltkod="011">29400</agd:KontantErsattningUlagAG>
        <agd:AvdrPrelSkatt faltkod="001">9300</agd:AvdrPrelSkatt>
        <agd:Fartygssignal faltkod="026">ABCD</agd:Fartygssignal>
        <agd:AntalDagarSjoinkomst faltkod="027">2</agd:AntalDagarSjoinkomst>
        <agd:NarfartFjarrfart faltkod="028">N</agd:NarfartFjarrfart>
        <agd:FartygetsNamn faltkod="223">Gaffeln</agd:FartygetsNamn>
      </agd:IU>
    </agd:Blankettinnehall>
  </agd:Blankett>

  <!-- Uppgift 2 IU -->
  <agd:Blankett>
    <agd:Arendeinformation>
      <agd:Arendeagare>165560143041</agd:Arendeagare>
      <agd:Period>201901</agd:Period>
    </agd:Arendeinformation>
    <agd:Blankettinnehall>
      <agd:IU>
        <agd:ArbetsgivareIUGROUP>
          <agd:AgRegistreradId faltkod="201">165560143041</agd:AgRegistreradId>
        </agd:ArbetsgivareIUGROUP>
        <agd:BetalningsmottagareIUGROUP>
          <agd:BetalningsmottagareIDChoice>
            <agd:BetalningsmottagarId faltkod="215">197203732396</agd:BetalningsmottagarId>
          </agd:BetalningsmottagareIDChoice>
        </agd:BetalningsmottagareIUGROUP>
        <agd:RedovisningsPeriod faltkod="006">201901</agd:RedovisningsPeriod>
        <agd:Specifikationsnummer faltkod="570">001</agd:Specifikationsnummer>
        <agd:KontantErsattningUlagAG faltkod="011">19670</agd:KontantErsattningUlagAG>
        <agd:AvdrPrelSkatt faltkod="001">7800</agd:AvdrPrelSkatt>
        <agd:Fartygssignal faltkod="026">EFGH</agd:Fartygssignal>
        <agd:AntalDagarSjoinkomst faltkod="027">3</agd:AntalDagarSjoinkomst>
        <agd:NarfartFjarrfart faltkod="028">N</agd:NarfartFjarrfart>
        <agd:FartygetsNamn faltkod="223">Fartyget</agd:FartygetsNamn>
      </agd:IU>
    </agd:Blankettinnehall>
  </agd:Blankett>

</Skatteverket>
