<?xml version="1.0" encoding="UTF-8" standalone="no"?>
<root:Skatteverket omrade="Arbetsgivardeklaration" xmlns:root="http://xmls.skatteverket.se/se/skatteverket/da/instans/schema/1.1" xmlns="http://xmls.skatteverket.se/se/skatteverket/da/komponent/schema/1.1" xmlns:xsi="http://www.w3.org/2001/XMLSchema-instance" xsi:schemaLocation="http://xmls.skatteverket.se/se/skatteverket/da/instans/schema/1.1 http://xmls.skatteverket.se/se/skatteverket/da/arbetsgivardeklaration/arbetsgivardeklaration_1.1.xsd">
  <Avsandare>
    <Programnamn>Programutvecklarna AB</Programnamn>
    <Organisationsnummer>190002039006</Organisationsnummer>
    <TekniskKontaktperson>
      <Namn>Ville Vessla</Namn>
      <Telefon>23-2-4-244454</Telefon>
      <Epostadress>ville.vessla@programutvecklarna.se</Epostadress>
      <Utdelningsadress1>Artillerigatan 11</Utdelningsadress1>
      <Postnummer>62145</Postnummer>
      <Postort>Visby</Postort>
    </TekniskKontaktperson>
    <Skapad>2017-05-30T07:42:25</Skapad>
  </Avsandare>
  <Blankettgemensamt>
    <Arbetsgivare>
      <AgRegistreradId>165560143066</AgRegistreradId>
      <Kontaktperson>
        <Namn>Jonas Persson</Namn>
        <Telefon>023-76540</Telefon>
        <Epostadress>jonas.persson@sonjasfrohandel.se</Epostadress>
      </Kontaktperson>
    </Arbetsgivare>
  </Blankettgemensamt>

  <!-- Uppgift 1 HU -->
  <Blankett>
    <Arendeinformation>
      <Arendeagare>165560143066</Arendeagare>
      <Period>201901</Period>
    </Arendeinformation>
    <Blankettinnehall>
      <HU>
        <ArbetsgivareHUGROUP>
          <AgRegistreradId faltkod="201">165560143066</AgRegistreradId>
        </ArbetsgivareHUGROUP>
        <RedovisningsPeriod faltkod="006">201901</RedovisningsPeriod>
        <SummaArbAvgSlf faltkod="487">26094</SummaArbAvgSlf>
        <SummaSkatteavdr faltkod="497">25140</SummaSkatteavdr>
      </HU>
    </Blankettinnehall>
  </Blankett>

  <!-- Uppgift 1 IU -->
  <Blankett>
    <Arendeinformation>
      <Arendeagare>165560143066</Arendeagare>
      <Period>201901</Period>
    </Arendeinformation>
    <Blankettinnehall>
      <IU>
        <ArbetsgivareIUGROUP>
          <AgRegistreradId faltkod="201">165560143066</AgRegistreradId>
        </ArbetsgivareIUGROUP>
        <BetalningsmottagareIUGROUP>
          <BetalningsmottagareIDChoice>
            <BetalningsmottagarId faltkod="215">198202252386</BetalningsmottagarId>
          </BetalningsmottagareIDChoice>
        </BetalningsmottagareIUGROUP>
        <RedovisningsPeriod faltkod="006">201901</RedovisningsPeriod>
        <Specifikationsnummer faltkod="570">001</Specifikationsnummer>
        <KontantErsattningUlagAG faltkod="011">28500</KontantErsattningUlagAG>
        <SkatteplBilformanUlagAG faltkod="013">2500</SkatteplBilformanUlagAG>
        <AvdrPrelSkatt faltkod="001">9300</AvdrPrelSkatt>
      </IU>
    </Blankettinnehall>
  </Blankett>

  <!-- Uppgift 2 IU -->
  <Blankett>
    <Arendeinformation>
      <Arendeagare>165560143066</Arendeagare>
      <Period>201901</Period>
    </Arendeinformation>
    <Blankettinnehall>
      <IU>
        <ArbetsgivareIUGROUP>
          <AgRegistreradId faltkod="201">165560143066</AgRegistreradId>
        </ArbetsgivareIUGROUP>
        <BetalningsmottagareIUGROUP>
          <BetalningsmottagareIDChoice>
            <BetalningsmottagarId faltkod="215">198301302397</BetalningsmottagarId>
          </BetalningsmottagareIDChoice>
        </BetalningsmottagareIUGROUP>
        <RedovisningsPeriod faltkod="006">201901</RedovisningsPeriod>
        <Specifikationsnummer faltkod="570">002</Specifikationsnummer>
        <KontantErsattningUlagAG faltkod="011">25350</KontantErsattningUlagAG>
        <AvdrPrelSkatt faltkod="001">7590</AvdrPrelSkatt>
        <Bilersattning faltkod="050">1</Bilersattning>
      </IU>
    </Blankettinnehall>
  </Blankett>

  <!-- Uppgift 3 IU -->
  <Blankett>
    <Arendeinformation>
      <Arendeagare>165560143066</Arendeagare>
      <Period>201901</Period>
    </Arendeinformation>
    <Blankettinnehall>
      <IU>
        <ArbetsgivareIUGROUP>
          <AgRegistreradId faltkod="201">165560143066</AgRegistreradId>
        </ArbetsgivareIUGROUP>
        <BetalningsmottagareIUGROUP>
          <BetalningsmottagareIDChoice>
            <BetalningsmottagarId faltkod="215">198409102392</BetalningsmottagarId>
          </BetalningsmottagareIDChoice>
        </BetalningsmottagareIUGROUP>
        <RedovisningsPeriod faltkod="006">201901</RedovisningsPeriod>
        <Specifikationsnummer faltkod="570">003</Specifikationsnummer>
        <KontantErsattningUlagAG faltkod="011">26700</KontantErsattningUlagAG>
        <AvdrPrelSkatt faltkod="001">8250</AvdrPrelSkatt>
        <Traktamente faltkod="051">1</Traktamente>
      </IU>
    </Blankettinnehall>
  </Blankett>

</root:Skatteverket>
