﻿<?xml version="1.0" encoding="UTF-8" standalone="no"?>
<Skatteverket omrade="Arbetsgivardeklaration" xmlns="http://xmls.skatteverket.se/se/skatteverket/da/instans/schema/1.1" xmlns:agd="http://xmls.skatteverket.se/se/skatteverket/da/komponent/schema/1.1" xmlns:xsi="http://www.w3.org/2001/XMLSchema-instance" xsi:schemaLocation="http://xmls.skatteverket.se/se/skatteverket/da/instans/schema/1.1 http://xmls.skatteverket.se/se/skatteverket/da/arbetsgivardeklaration/arbetsgivardeklaration_1.1.xsd">
  <agd:Avsandare>
    <agd:Programnamn>Programmakarna AB</agd:Programnamn>
    <agd:Organisationsnummer>190002039006</agd:Organisationsnummer>
    <agd:TekniskKontaktperson>
      <agd:Namn>Valle Vadman</agd:Namn>
      <agd:Telefon>23-2-4-244454</agd:Telefon>
      <agd:Epostadress>valle.vadman@programmakarna.se</agd:Epostadress>
      <agd:Utdelningsadress1>Artillerigatan 11</agd:Utdelningsadress1>
      <agd:Utdelningsadress2>C/O Segemyhr</agd:Utdelningsadress2>
      <agd:Postnummer>62145</agd:Postnummer>
      <agd:Postort>Visby</agd:Postort>
    </agd:TekniskKontaktperson>
    <agd:Skapad>2019-01-30T07:42:25</agd:Skapad>
  </agd:Avsandare>
  <agd:Blankettgemensamt></agd:Blankettgemensamt>

  <!-- Uppgift 1 HU -->
  <agd:Blankett>
    <agd:Arendeinformation>
      <agd:Arendeagare>165560269986</agd:Arendeagare>
      <agd:Period>201901</agd:Period>
    </agd:Arendeinformation>
    <agd:Blankettinnehall>
      <agd:HU>
        <agd:ArbetsgivareHUGROUP>
          <agd:AgRegistreradId faltkod="201">165560269986</agd:AgRegistreradId>
        </agd:ArbetsgivareHUGROUP>
        <agd:RedovisningsPeriod faltkod="006">201901</agd:RedovisningsPeriod>
        <agd:SummaArbAvgSlf faltkod="487">26094</agd:SummaArbAvgSlf>
        <agd:SummaSkatteavdr faltkod="497">25140</agd:SummaSkatteavdr>
      </agd:HU>
    </agd:Blankettinnehall>
  </agd:Blankett>

  <!-- Uppgift 1 IU -->
  <agd:Blankett>
    <agd:Arendeinformation>
      <agd:Arendeagare>165560269986</agd:Arendeagare>
      <agd:Period>201901</agd:Period>
    </agd:Arendeinformation>
    <agd:Blankettinnehall>
      <agd:IU>
        <agd:ArbetsgivareIUGROUP>
          <agd:AgRegistreradId faltkod="201">165560269986</agd:AgRegistreradId>
        </agd:ArbetsgivareIUGROUP>
        <agd:BetalningsmottagareIUGROUP>
          <agd:BetalningsmottagareIDChoice>
            <agd:BetalningsmottagarId faltkod="215">198202252386</agd:BetalningsmottagarId>
          </agd:BetalningsmottagareIDChoice>
        </agd:BetalningsmottagareIUGROUP>
        <agd:RedovisningsPeriod faltkod="006">201901</agd:RedovisningsPeriod>
        <agd:Specifikationsnummer faltkod="570">001</agd:Specifikationsnummer>
        <agd:KontantErsattningUlagAG faltkod="011">28500</agd:KontantErsattningUlagAG>
        <agd:SkatteplBilformanUlagAG faltkod="013">2500</agd:SkatteplBilformanUlagAG>
        <agd:AvdrPrelSkatt faltkod="001">9300</agd:AvdrPrelSkatt>
      </agd:IU>
    </agd:Blankettinnehall>
  </agd:Blankett>

  <!-- Uppgift 2 IU -->
  <agd:Blankett>
    <agd:Arendeinformation>
      <agd:Arendeagare>165560269986</agd:Arendeagare>
      <agd:Period>201901</agd:Period>
    </agd:Arendeinformation>
    <agd:Blankettinnehall>
      <agd:IU>
        <agd:ArbetsgivareIUGROUP>
          <agd:AgRegistreradId faltkod="201">165560269986</agd:AgRegistreradId>
        </agd:ArbetsgivareIUGROUP>
        <agd:BetalningsmottagareIUGROUP>
          <agd:BetalningsmottagareIDChoice>
            <agd:BetalningsmottagarId faltkod="215">198301302397</agd:BetalningsmottagarId>
          </agd:BetalningsmottagareIDChoice>
        </agd:BetalningsmottagareIUGROUP>
        <agd:RedovisningsPeriod faltkod="006">201901</agd:RedovisningsPeriod>
        <agd:Specifikationsnummer faltkod="570">002</agd:Specifikationsnummer>
        <agd:KontantErsattningUlagAG faltkod="011">25350</agd:KontantErsattningUlagAG>
        <agd:AvdrPrelSkatt faltkod="001">7590</agd:AvdrPrelSkatt>
        <agd:Bilersattning faltkod="050">1</agd:Bilersattning>
      </agd:IU>
    </agd:Blankettinnehall>
  </agd:Blankett>

  <!-- Uppgift 3 IU -->
  <agd:Blankett>
    <agd:Arendeinformation>
      <agd:Arendeagare>165560269986</agd:Arendeagare>
      <agd:Period>201901</agd:Period>
    </agd:Arendeinformation>
    <agd:Blankettinnehall>
      <agd:IU>
        <agd:ArbetsgivareIUGROUP>
          <agd:AgRegistreradId faltkod="201">165560269986</agd:AgRegistreradId>
        </agd:ArbetsgivareIUGROUP>
        <agd:BetalningsmottagareIUGROUP>
          <agd:BetalningsmottagareIDChoice>
            <agd:BetalningsmottagarId faltkod="215">198409102392</agd:BetalningsmottagarId>
          </agd:BetalningsmottagareIDChoice>
        </agd:BetalningsmottagareIUGROUP>
        <agd:RedovisningsPeriod faltkod="006">201901</agd:RedovisningsPeriod>
        <agd:Specifikationsnummer faltkod="570">003</agd:Specifikationsnummer>
        <agd:KontantErsattningUlagAG faltkod="011">26700</agd:KontantErsattningUlagAG>
        <agd:AvdrPrelSkatt faltkod="001">8250</agd:AvdrPrelSkatt>
        <agd:Traktamente faltkod="051">1</agd:Traktamente>
      </agd:IU>
    </agd:Blankettinnehall>
  </agd:Blankett>

</Skatteverket>
