﻿<?xml version="1.0" encoding="UTF-8" standalone="no"?>
<Skatteverket omrade="Arbetsgivardeklaration" xmlns="http://xmls.skatteverket.se/se/skatteverket/da/instans/schema/1.1" xmlns:agd="http://xmls.skatteverket.se/se/skatteverket/da/komponent/schema/1.1" xmlns:xsi="http://www.w3.org/2001/XMLSchema-instance" xsi:schemaLocation="http://xmls.skatteverket.se/se/skatteverket/da/instans/schema/1.1 http://xmls.skatteverket.se/se/skatteverket/da/arbetsgivardeklaration/arbetsgivardeklaration_1.1.xsd">
  <agd:Avsandare>
    <agd:Programnamn>Finansstödet</agd:Programnamn>
    <agd:Organisationsnummer>165560000175</agd:Organisationsnummer>
    <agd:TekniskKontaktperson>
      <agd:Namn>Dan Karlsson</agd:Namn>
      <agd:Telefon>23-2-4-244454</agd:Telefon>
      <agd:Epostadress>dan.karlsson@programservice.se</agd:Epostadress>
      <agd:Utdelningsadress1>IT-gatan 11</agd:Utdelningsadress1>
      <agd:Postnummer>82145</agd:Postnummer>
      <agd:Postort>Kronoby</agd:Postort>
    </agd:TekniskKontaktperson>
    <agd:Skapad>2019-02-10T09:32:29</agd:Skapad>
  </agd:Avsandare>
  <agd:Blankettgemensamt>
    <agd:Arbetsgivare>
      <agd:AgRegistreradId>165299999994</agd:AgRegistreradId>
      <agd:Kontaktperson>
        <agd:Namn>Per Persson</agd:Namn>
        <agd:Telefon>23-24-25</agd:Telefon>
        <agd:Epostadress>per.persson@finansbolaget.se</agd:Epostadress>
      </agd:Kontaktperson>
    </agd:Arbetsgivare>
  </agd:Blankettgemensamt>

  <!-- Uppgift 1 HU -->
  <agd:Blankett>
    <agd:Arendeinformation>
      <agd:Arendeagare>165299999994</agd:Arendeagare>
      <agd:Period>201901</agd:Period>
    </agd:Arendeinformation>
    <agd:Blankettinnehall>
      <agd:HU>
        <agd:ArbetsgivareHUGROUP>
          <agd:AgRegistreradId faltkod="201">165299999994</agd:AgRegistreradId>
        </agd:ArbetsgivareHUGROUP>
        <agd:RedovisningsPeriod faltkod="006">201901</agd:RedovisningsPeriod>
        <agd:UlagSkatteavdrPensFors faltkod="491">260947</agd:UlagSkatteavdrPensFors>		
	<agd:SkatteavdrPensFors faltkod="495">81090</agd:SkatteavdrPensFors>
        <agd:UlagSkatteavdrRantaUtd faltkod="492">1275000</agd:UlagSkatteavdrRantaUtd>
        <agd:SkatteavdrRantaUtd faltkod="496">382500</agd:SkatteavdrRantaUtd>
        <agd:SummaArbAvgSlf faltkod="487">0</agd:SummaArbAvgSlf>
        <agd:SummaSkatteavdr faltkod="497">463590</agd:SummaSkatteavdr>		
      </agd:HU>
    </agd:Blankettinnehall>
  </agd:Blankett>

</Skatteverket>
