<?xml version="1.0" encoding="UTF-8" standalone="no"?>
<Skatteverket omrade="Arbetsgivardeklaration" xmlns="http://xmls.skatteverket.se/se/skatteverket/da/instans/schema/1.1" xmlns:agd="http://xmls.skatteverket.se/se/skatteverket/da/komponent/schema/1.1" xmlns:xsi="http://www.w3.org/2001/XMLSchema-instance" xsi:schemaLocation="http://xmls.skatteverket.se/se/skatteverket/da/instans/schema/1.1 http://xmls.skatteverket.se/se/skatteverket/da/arbetsgivardeklaration/arbetsgivardeklaration_1.1.xsd">
  <agd:Avsandare>
    <agd:Programnamn>Programutvecklarna AB</agd:Programnamn>
    <agd:Organisationsnummer>190002039006</agd:Organisationsnummer>
    <agd:TekniskKontaktperson>
      <agd:Namn>Jon Jonsson</agd:Namn>
      <agd:Telefon>23-2-4-244454</agd:Telefon>
      <agd:Epostadress>jon.Jonsson@programutvecklarna.se</agd:Epostadress>
      <agd:Utdelningsadress1>Artillerigatan 11</agd:Utdelningsadress1>
      <agd:Postnummer>62145</agd:Postnummer>
      <agd:Postort>Visby</agd:Postort>
    </agd:TekniskKontaktperson>
    <agd:Skapad>2019-03-07T11:12:25</agd:Skapad>
  </agd:Avsandare>
  <agd:Blankettgemensamt>
    <agd:Arbetsgivare>
      <agd:AgRegistreradId>165560250200</agd:AgRegistreradId>
      <agd:Kontaktperson>
        <agd:Namn>Jonas Persson</agd:Namn>
        <agd:Telefon>099-244454</agd:Telefon>
        <agd:Epostadress>jonas.persson@lanthandeln.se</agd:Epostadress>
        <agd:Sakomrade>januari-19</agd:Sakomrade>
      </agd:Kontaktperson>
	<agd:Kontaktperson>
        <agd:Namn>Vanja Backlund</agd:Namn>
        <agd:Telefon>099-98754</agd:Telefon>
        <agd:Epostadress>vanja.backlund@lanthandeln.se</agd:Epostadress>
        <agd:Sakomrade>februari-19</agd:Sakomrade>
      </agd:Kontaktperson>
    </agd:Arbetsgivare>
  </agd:Blankettgemensamt>

  <!-- Uppgift 1 HU 1901-->
  <agd:Blankett>
    <agd:Arendeinformation>
      <agd:Arendeagare>165560250200</agd:Arendeagare>
      <agd:Period>201901</agd:Period>
    </agd:Arendeinformation>
    <agd:Blankettinnehall>
      <agd:HU>
        <agd:ArbetsgivareHUGROUP>
          <agd:AgRegistreradId faltkod="201">165560250200</agd:AgRegistreradId>
        </agd:ArbetsgivareHUGROUP>
        <agd:RedovisningsPeriod faltkod="006">201901</agd:RedovisningsPeriod>
        <agd:SummaArbAvgSlf faltkod="487">26879</agd:SummaArbAvgSlf>
        <agd:SummaSkatteavdr faltkod="497">25140</agd:SummaSkatteavdr>
      </agd:HU>
    </agd:Blankettinnehall>
  </agd:Blankett>

  <!-- Uppgift 1 IU 1901-->
  <agd:Blankett>
    <agd:Arendeinformation>
      <agd:Arendeagare>165560250200</agd:Arendeagare>
      <agd:Period>201901</agd:Period>
    </agd:Arendeinformation>
    <agd:Blankettinnehall>
      <agd:IU>
        <agd:ArbetsgivareIUGROUP>
          <agd:AgRegistreradId faltkod="201">165560250200</agd:AgRegistreradId>
        </agd:ArbetsgivareIUGROUP>
        <agd:BetalningsmottagareIUGROUP>
          <agd:BetalningsmottagareIDChoice>
            <agd:BetalningsmottagarId faltkod="215">198202252386</agd:BetalningsmottagarId>
          </agd:BetalningsmottagareIDChoice>
        </agd:BetalningsmottagareIUGROUP>
        <agd:RedovisningsPeriod faltkod="006">201901</agd:RedovisningsPeriod>
        <agd:Specifikationsnummer faltkod="570">001</agd:Specifikationsnummer>
        <agd:KontantErsattningUlagAG faltkod="011">28500</agd:KontantErsattningUlagAG>
        <agd:SkatteplBilformanUlagAG faltkod="013">2500</agd:SkatteplBilformanUlagAG>
        <agd:AvdrPrelSkatt faltkod="001">9300</agd:AvdrPrelSkatt>
      </agd:IU>
    </agd:Blankettinnehall>
  </agd:Blankett>

  <!-- Uppgift 2 IU 1901-->
  <agd:Blankett>
    <agd:Arendeinformation>
      <agd:Arendeagare>165560250200</agd:Arendeagare>
      <agd:Period>201901</agd:Period>
    </agd:Arendeinformation>
    <agd:Blankettinnehall>
      <agd:IU>
        <agd:ArbetsgivareIUGROUP>
          <agd:AgRegistreradId faltkod="201">165560250200</agd:AgRegistreradId>
        </agd:ArbetsgivareIUGROUP>
        <agd:BetalningsmottagareIUGROUP>
          <agd:BetalningsmottagareIDChoice>
            <agd:BetalningsmottagarId faltkod="215">198301302397</agd:BetalningsmottagarId>
          </agd:BetalningsmottagareIDChoice>
        </agd:BetalningsmottagareIUGROUP>
        <agd:RedovisningsPeriod faltkod="006">201901</agd:RedovisningsPeriod>
        <agd:Specifikationsnummer faltkod="570">002</agd:Specifikationsnummer>
        <agd:KontantErsattningUlagAG faltkod="011">25350</agd:KontantErsattningUlagAG>
        <agd:AvdrPrelSkatt faltkod="001">7590</agd:AvdrPrelSkatt>
        <agd:Bilersattning faltkod="050">true</agd:Bilersattning>
      </agd:IU>
    </agd:Blankettinnehall>
  </agd:Blankett>

  <!-- Uppgift 3 IU 1901-->
  <agd:Blankett>
    <agd:Arendeinformation>
      <agd:Arendeagare>165560250200</agd:Arendeagare>
      <agd:Period>201901</agd:Period>
    </agd:Arendeinformation>
    <agd:Blankettinnehall>
      <agd:IU>
        <agd:ArbetsgivareIUGROUP>
          <agd:AgRegistreradId faltkod="201">165560250200</agd:AgRegistreradId>
        </agd:ArbetsgivareIUGROUP>
        <agd:BetalningsmottagareIUGROUP>
          <agd:BetalningsmottagareIDChoice>
            <agd:BetalningsmottagarId faltkod="215">198409102392</agd:BetalningsmottagarId>
          </agd:BetalningsmottagareIDChoice>
        </agd:BetalningsmottagareIUGROUP>
        <agd:RedovisningsPeriod faltkod="006">201901</agd:RedovisningsPeriod>
        <agd:Specifikationsnummer faltkod="570">003</agd:Specifikationsnummer>
        <agd:KontantErsattningUlagAG faltkod="011">26700</agd:KontantErsattningUlagAG>
        <agd:AvdrPrelSkatt faltkod="001">8250</agd:AvdrPrelSkatt>
      </agd:IU>
    </agd:Blankettinnehall>
  </agd:Blankett>
  
  
    <!-- Uppgift 4 IU 1901-->
  <agd:Blankett>
    <agd:Arendeinformation>
      <agd:Arendeagare>165560250200</agd:Arendeagare>
      <agd:Period>201901</agd:Period>
    </agd:Arendeinformation>
    <agd:Blankettinnehall>
      <agd:IU>
        <agd:ArbetsgivareIUGROUP>
          <agd:AgRegistreradId faltkod="201">165560250200</agd:AgRegistreradId>
        </agd:ArbetsgivareIUGROUP>
        <agd:BetalningsmottagareIUGROUP>
          <agd:BetalningsmottagareIDChoice>
            <agd:BetalningsmottagarId faltkod="215">198409102392</agd:BetalningsmottagarId>
          </agd:BetalningsmottagareIDChoice>
        </agd:BetalningsmottagareIUGROUP>
        <agd:RedovisningsPeriod faltkod="006">201901</agd:RedovisningsPeriod>
        <agd:Specifikationsnummer faltkod="570">004</agd:Specifikationsnummer>
        <agd:SkatteplBilformanUlagAG faltkod="013">2500</agd:SkatteplBilformanUlagAG>
        <agd:Traktamente faltkod="051">1</agd:Traktamente>
        <agd:AvdrPrelSkatt faltkod="001">0</agd:AvdrPrelSkatt>
      </agd:IU>
    </agd:Blankettinnehall>
  </agd:Blankett>
  
    
  <!-- Uppgift 2 HU 1902-->
  <agd:Blankett>
    <agd:Arendeinformation>
      <agd:Arendeagare>165560250200</agd:Arendeagare>
      <agd:Period>201902</agd:Period>
    </agd:Arendeinformation>
    <agd:Blankettinnehall>
      <agd:HU>
        <agd:ArbetsgivareHUGROUP>
          <agd:AgRegistreradId faltkod="201">165560250200</agd:AgRegistreradId>
        </agd:ArbetsgivareHUGROUP>
        <agd:RedovisningsPeriod faltkod="006">201902</agd:RedovisningsPeriod>
        <agd:SummaArbAvgSlf faltkod="487">28733</agd:SummaArbAvgSlf>
        <agd:SummaSkatteavdr faltkod="497">33540</agd:SummaSkatteavdr>
      </agd:HU>
    </agd:Blankettinnehall>
  </agd:Blankett>

  <!-- Uppgift 1 IU 1902-->
  <agd:Blankett>
    <agd:Arendeinformation>
      <agd:Arendeagare>165560250200</agd:Arendeagare>
      <agd:Period>201902</agd:Period>
    </agd:Arendeinformation>
    <agd:Blankettinnehall>
      <agd:IU>
        <agd:ArbetsgivareIUGROUP>
          <agd:AgRegistreradId faltkod="201">165560250200</agd:AgRegistreradId>
        </agd:ArbetsgivareIUGROUP>
        <agd:BetalningsmottagareIUGROUP>
          <agd:BetalningsmottagareIDChoice>
            <agd:BetalningsmottagarId faltkod="215">198202252386</agd:BetalningsmottagarId>
          </agd:BetalningsmottagareIDChoice>
        </agd:BetalningsmottagareIUGROUP>
        <agd:RedovisningsPeriod faltkod="006">201902</agd:RedovisningsPeriod>
        <agd:Specifikationsnummer faltkod="570">001</agd:Specifikationsnummer>
        <agd:KontantErsattningUlagAG faltkod="011">15000</agd:KontantErsattningUlagAG>
        <agd:SkatteplBilformanUlagAG faltkod="013">2900</agd:SkatteplBilformanUlagAG>
        <agd:AvdrPrelSkatt faltkod="001">3000</agd:AvdrPrelSkatt>
      </agd:IU>
    </agd:Blankettinnehall>
  </agd:Blankett>

  <!-- Uppgift 2 IU 1902-->
  <agd:Blankett>
    <agd:Arendeinformation>
      <agd:Arendeagare>165560250200</agd:Arendeagare>
      <agd:Period>201902</agd:Period>
    </agd:Arendeinformation>
    <agd:Blankettinnehall>
      <agd:IU>
        <agd:ArbetsgivareIUGROUP>
          <agd:AgRegistreradId faltkod="201">165560250200</agd:AgRegistreradId>
        </agd:ArbetsgivareIUGROUP>
        <agd:BetalningsmottagareIUGROUP>
          <agd:BetalningsmottagareIDChoice>
            <agd:BetalningsmottagarId faltkod="215">198301302397</agd:BetalningsmottagarId>
          </agd:BetalningsmottagareIDChoice>
        </agd:BetalningsmottagareIUGROUP>
        <agd:RedovisningsPeriod faltkod="006">201902</agd:RedovisningsPeriod>
        <agd:Specifikationsnummer faltkod="570">002</agd:Specifikationsnummer>
        <agd:KontantErsattningUlagAG faltkod="011">5950</agd:KontantErsattningUlagAG>
        <agd:AvdrPrelSkatt faltkod="001">490</agd:AvdrPrelSkatt>
        <agd:Bilersattning faltkod="050">1</agd:Bilersattning>
      </agd:IU>
    </agd:Blankettinnehall>
  </agd:Blankett>

  <!-- Uppgift 3 IU 1902-->
  <agd:Blankett>
    <agd:Arendeinformation>
      <agd:Arendeagare>165560250200</agd:Arendeagare>
      <agd:Period>201902</agd:Period>
    </agd:Arendeinformation>
    <agd:Blankettinnehall>
      <agd:IU>
        <agd:ArbetsgivareIUGROUP>
          <agd:AgRegistreradId faltkod="201">165560250200</agd:AgRegistreradId>
        </agd:ArbetsgivareIUGROUP>
        <agd:BetalningsmottagareIUGROUP>
          <agd:BetalningsmottagareIDChoice>
            <agd:BetalningsmottagarId faltkod="215">198409102392</agd:BetalningsmottagarId>
          </agd:BetalningsmottagareIDChoice>
        </agd:BetalningsmottagareIUGROUP>
        <agd:RedovisningsPeriod faltkod="006">201902</agd:RedovisningsPeriod>
        <agd:Specifikationsnummer faltkod="570">003</agd:Specifikationsnummer>
        <agd:KontantErsattningUlagAG faltkod="011">67600</agd:KontantErsattningUlagAG>
        <agd:AvdrPrelSkatt faltkod="001">30050</agd:AvdrPrelSkatt>
        <agd:Traktamente faltkod="051">1</agd:Traktamente>
      </agd:IU>
    </agd:Blankettinnehall>
  </agd:Blankett>

</Skatteverket>
