﻿<?xml version="1.0" encoding="UTF-8" standalone="no"?>
<Skatteverket omrade="Arbetsgivardeklaration" xmlns="http://xmls.skatteverket.se/se/skatteverket/da/instans/schema/1.1" xmlns:agd="http://xmls.skatteverket.se/se/skatteverket/da/komponent/schema/1.1" xmlns:xsi="http://www.w3.org/2001/XMLSchema-instance" xsi:schemaLocation="http://xmls.skatteverket.se/se/skatteverket/da/instans/schema/1.1 http://xmls.skatteverket.se/se/skatteverket/da/arbetsgivardeklaration/arbetsgivardeklaration_1.1.xsd">
  <agd:Avsandare>
    <agd:Programnamn>Programutvecklarna AB</agd:Programnamn>
    <agd:Organisationsnummer>190002039006</agd:Organisationsnummer>
    <agd:TekniskKontaktperson>
      <agd:Namn>Jonas Persson</agd:Namn>
      <agd:Telefon>23-2-4-244454</agd:Telefon>
      <agd:Epostadress>jonas.persson@programutvecklarna.se</agd:Epostadress>
      <agd:Utdelningsadress1>Antikgatan 11</agd:Utdelningsadress1>
      <agd:Utdelningsadress2>Anexet</agd:Utdelningsadress2>
      <agd:Postnummer>62145</agd:Postnummer>
      <agd:Postort>Fröby</agd:Postort>
    </agd:TekniskKontaktperson>
    <agd:Skapad>2019-01-30T07:42:25</agd:Skapad>
  </agd:Avsandare>
  <agd:Blankettgemensamt>
    <agd:Arbetsgivare>
      <agd:AgRegistreradId>161257140028</agd:AgRegistreradId>
      <agd:Kontaktperson>
        <agd:Namn>Ville Vessla</agd:Namn>
        <agd:Telefon>23-2-4-244454</agd:Telefon>
        <agd:Epostadress>ville.vessla@sonjasfrohandel.se</agd:Epostadress>
        <agd:Sakomrade>anställda med personnummer som slutar på 1-5</agd:Sakomrade>
      </agd:Kontaktperson>
    </agd:Arbetsgivare>
  </agd:Blankettgemensamt>

  <!-- Uppgift 1 IU -->
  <agd:Blankett>
    <agd:Arendeinformation>
      <agd:Arendeagare>161257140028</agd:Arendeagare>
      <agd:Period>201901</agd:Period>
    </agd:Arendeinformation>
    <agd:Blankettinnehall>
      <agd:IU>
        <agd:ArbetsgivareIUGROUP>
          <agd:AgRegistreradId faltkod="201">161257140028</agd:AgRegistreradId>
        </agd:ArbetsgivareIUGROUP>
        <agd:BetalningsmottagareIUGROUP>
          <agd:BetalningsmottagareIDChoice>
            <agd:BetalningsmottagarId faltkod="215">198202252386</agd:BetalningsmottagarId>
          </agd:BetalningsmottagareIDChoice>
        </agd:BetalningsmottagareIUGROUP>
        <agd:RedovisningsPeriod faltkod="006">201901</agd:RedovisningsPeriod>
        <agd:Specifikationsnummer faltkod="570">001</agd:Specifikationsnummer>		
        <agd:Borttag faltkod="205">1</agd:Borttag>
      </agd:IU>
    </agd:Blankettinnehall>
  </agd:Blankett>

  <!-- Uppgift 2 IU -->
  <agd:Blankett>
    <agd:Arendeinformation>
      <agd:Arendeagare>161257140028</agd:Arendeagare>
      <agd:Period>201901</agd:Period>
    </agd:Arendeinformation>
    <agd:Blankettinnehall>
      <agd:IU>
        <agd:ArbetsgivareIUGROUP>
          <agd:AgRegistreradId faltkod="201">161257140028</agd:AgRegistreradId>
        </agd:ArbetsgivareIUGROUP>
        <agd:BetalningsmottagareIUGROUP>
          <agd:BetalningsmottagareIDChoice>
            <agd:BetalningsmottagarId faltkod="215">198301302397</agd:BetalningsmottagarId>
          </agd:BetalningsmottagareIDChoice>
        </agd:BetalningsmottagareIUGROUP>
        <agd:RedovisningsPeriod faltkod="006">201901</agd:RedovisningsPeriod>
        <agd:Specifikationsnummer faltkod="570">002</agd:Specifikationsnummer>
        <agd:Borttag faltkod="205">1</agd:Borttag>
      </agd:IU>
    </agd:Blankettinnehall>
  </agd:Blankett>

  <!-- Uppgift 3 IU -->
  <agd:Blankett>
    <agd:Arendeinformation>
      <agd:Arendeagare>161257140028</agd:Arendeagare>
      <agd:Period>201901</agd:Period>
    </agd:Arendeinformation>
    <agd:Blankettinnehall>
      <agd:IU>
        <agd:ArbetsgivareIUGROUP>
          <agd:AgRegistreradId faltkod="201">161257140028</agd:AgRegistreradId>
        </agd:ArbetsgivareIUGROUP>
        <agd:BetalningsmottagareIUGROUP>
          <agd:BetalningsmottagareIDChoice>
            <agd:BetalningsmottagarId faltkod="215">198409102392</agd:BetalningsmottagarId>
          </agd:BetalningsmottagareIDChoice>
        </agd:BetalningsmottagareIUGROUP>
        <agd:RedovisningsPeriod faltkod="006">201901</agd:RedovisningsPeriod>
        <agd:Specifikationsnummer faltkod="570">003</agd:Specifikationsnummer>
        <agd:Borttag faltkod="205">1</agd:Borttag>
      </agd:IU>
    </agd:Blankettinnehall>
  </agd:Blankett>

</Skatteverket>
