﻿<?xml version="1.0" encoding="UTF-8" standalone="no"?>
<Skatteverket omrade="Arbetsgivardeklaration" xmlns="http://xmls.skatteverket.se/se/skatteverket/da/instans/schema/1.1" xmlns:agd="http://xmls.skatteverket.se/se/skatteverket/da/komponent/schema/1.1" xmlns:xsi="http://www.w3.org/2001/XMLSchema-instance" xsi:schemaLocation="http://xmls.skatteverket.se/se/skatteverket/da/instans/schema/1.1 http://xmls.skatteverket.se/se/skatteverket/da/arbetsgivardeklaration/arbetsgivardeklaration_1.1.xsd">
  <agd:Avsandare>
    <agd:Programnamn>Programutvecklarna AB</agd:Programnamn>
    <agd:Organisationsnummer>190002039006</agd:Organisationsnummer>
    <agd:TekniskKontaktperson>
      <agd:Namn>Jonas Persson</agd:Namn>
      <agd:Telefon>23-2-4-244454</agd:Telefon>
      <agd:Epostadress>jonas.persson@programutvecklarna.se</agd:Epostadress>
      <agd:Utdelningsadress1>Artillerigatan 11</agd:Utdelningsadress1>
      <agd:Postnummer>62145</agd:Postnummer>
      <agd:Postort>Visby</agd:Postort>
    </agd:TekniskKontaktperson>
    <agd:Skapad>2019-01-28T07:42:25</agd:Skapad>
  </agd:Avsandare>
  <agd:Blankettgemensamt>
    <agd:Arbetsgivare>
      <agd:AgRegistreradId>165560143041</agd:AgRegistreradId>
      <agd:Kontaktperson>
        <agd:Namn>Löneadministrationen</agd:Namn>
        <agd:Telefon>23-2-244000</agd:Telefon>
        <agd:Epostadress>loneavdelningen@ninnasgarnhandel.se</agd:Epostadress>
      </agd:Kontaktperson>
    </agd:Arbetsgivare>
  </agd:Blankettgemensamt>

  <!-- Uppgift 1 HU -->
  <agd:Blankett>
    <agd:Arendeinformation>
      <agd:Arendeagare>165560143041</agd:Arendeagare>
      <agd:Period>201901</agd:Period>
    </agd:Arendeinformation>
    <agd:Blankettinnehall>
      <agd:HU>
        <agd:ArbetsgivareHUGROUP>
          <agd:AgRegistreradId faltkod="201">165560143041</agd:AgRegistreradId>
        </agd:ArbetsgivareHUGROUP>
        <agd:RedovisningsPeriod faltkod="006">201901</agd:RedovisningsPeriod>
        <agd:SummaArbAvgSlf faltkod="487">52811</agd:SummaArbAvgSlf>
	<agd:SummaSkatteavdr faltkod="497">74780</agd:SummaSkatteavdr>
      </agd:HU>
    </agd:Blankettinnehall>
  </agd:Blankett>

  <!-- Uppgift 1 IU vanlig löntagare-->
  <agd:Blankett>
    <agd:Arendeinformation>
      <agd:Arendeagare>165560143041</agd:Arendeagare>
      <agd:Period>201901</agd:Period>
    </agd:Arendeinformation>
    <agd:Blankettinnehall>
      <agd:IU>
        <agd:ArbetsgivareIUGROUP>
          <agd:AgRegistreradId faltkod="201">165560143041</agd:AgRegistreradId>
        </agd:ArbetsgivareIUGROUP>
        <agd:BetalningsmottagareIUGROUP>
          <agd:BetalningsmottagareIDChoice>
            <agd:BetalningsmottagarId faltkod="215">198202252386</agd:BetalningsmottagarId>
          </agd:BetalningsmottagareIDChoice>
        </agd:BetalningsmottagareIUGROUP>
        <agd:RedovisningsPeriod faltkod="006">201901</agd:RedovisningsPeriod>
        <agd:Specifikationsnummer faltkod="570">001</agd:Specifikationsnummer>
        <agd:KontantErsattningUlagAG faltkod="011">28500</agd:KontantErsattningUlagAG>
        <agd:SkatteplBilformanUlagAG faltkod="013">2500</agd:SkatteplBilformanUlagAG>
        <agd:AvdrPrelSkatt faltkod="001">9300</agd:AvdrPrelSkatt>
      </agd:IU>
    </agd:Blankettinnehall>
  </agd:Blankett>

 <!-- Uppgift 2 IU SINK -->
  <agd:Blankett>
    <agd:Arendeinformation>
      <agd:Arendeagare>165560143041</agd:Arendeagare>
      <agd:Period>201901</agd:Period>
    </agd:Arendeinformation>
    <agd:Blankettinnehall>
      <agd:IU>
        <agd:ArbetsgivareIUGROUP>
          <agd:AgRegistreradId faltkod="201">165560143041</agd:AgRegistreradId>
        </agd:ArbetsgivareIUGROUP>
        <agd:BetalningsmottagareIUGROUP>
          <agd:BetalningsmottagareIDChoice>
            <agd:BetalningsmottagarId faltkod="215">197902802383</agd:BetalningsmottagarId>
          </agd:BetalningsmottagareIDChoice>
          <agd:Fornamn faltkod="216">Per</agd:Fornamn>
          <agd:Efternamn faltkod="217">Persson</agd:Efternamn>
          <agd:Gatuadress faltkod="218">S.t Paris</agd:Gatuadress>
          <agd:Postnummer faltkod="219">12345</agd:Postnummer>
          <agd:Postort faltkod="220">Paris</agd:Postort>
          <agd:LandskodPostort faltkod="221">FR</agd:LandskodPostort>
          <agd:LandskodMedborgare faltkod="081">FR</agd:LandskodMedborgare>
          <agd:TIN faltkod="252">0009999999999</agd:TIN>
          <agd:LandskodTIN faltkod="076">FR</agd:LandskodTIN>
        </agd:BetalningsmottagareIUGROUP>
        <agd:RedovisningsPeriod faltkod="006">201901</agd:RedovisningsPeriod>
        <agd:Specifikationsnummer faltkod="570">001</agd:Specifikationsnummer>
        <agd:KontantErsattningUlagAG faltkod="011">48100</agd:KontantErsattningUlagAG>
        <agd:AvdrSkattSINK faltkod="274">9620</agd:AvdrSkattSINK>
      </agd:IU>
    </agd:Blankettinnehall>
  </agd:Blankett>
  
  <!-- Uppgift 3 IU A-SINK -->
  <agd:Blankett>
    <agd:Arendeinformation>
      <agd:Arendeagare>165560143041</agd:Arendeagare>
      <agd:Period>201901</agd:Period>
    </agd:Arendeinformation>
    <agd:Blankettinnehall>
      <agd:IU>
        <agd:ArbetsgivareIUGROUP>
          <agd:AgRegistreradId faltkod="201">165560143041</agd:AgRegistreradId>
        </agd:ArbetsgivareIUGROUP>
        <agd:BetalningsmottagareIUGROUP>
          <agd:BetalningsmottagareIDChoice>
            <agd:BetalningsmottagarId faltkod="215">197700602381</agd:BetalningsmottagarId>
          </agd:BetalningsmottagareIDChoice>
          <agd:Fornamn faltkod="216">Jon</agd:Fornamn>
          <agd:Efternamn faltkod="217">Jonsen</agd:Efternamn>
          <agd:Gatuadress faltkod="218">S.t Paris</agd:Gatuadress>
          <agd:Postnummer faltkod="219">12345</agd:Postnummer>
          <agd:Postort faltkod="220">Paris</agd:Postort>
          <agd:LandskodPostort faltkod="221">FR</agd:LandskodPostort>
          <agd:LandskodMedborgare faltkod="081">FR</agd:LandskodMedborgare>
          <agd:TIN faltkod="252">0009999999999</agd:TIN>
          <agd:LandskodTIN faltkod="076">FR</agd:LandskodTIN>
        </agd:BetalningsmottagareIUGROUP>
        <agd:RedovisningsPeriod faltkod="006">201901</agd:RedovisningsPeriod>
        <agd:Specifikationsnummer faltkod="570">001</agd:Specifikationsnummer>
        <agd:AvdrSkattASINK faltkod="275">16956</agd:AvdrSkattASINK>
        <agd:KontantErsattningEjUlagSA faltkod="131">113040</agd:KontantErsattningEjUlagSA>
        <agd:VerksamhetensArt faltkod="112">Konsert</agd:VerksamhetensArt>
      </agd:IU>
    </agd:Blankettinnehall>
  </agd:Blankett>

  <!-- Uppgift 4 IU med ersättningskod -->
  <agd:Blankett>
    <agd:Arendeinformation>
      <agd:Arendeagare>165560143041</agd:Arendeagare>
      <agd:Period>201901</agd:Period>
    </agd:Arendeinformation>
    <agd:Blankettinnehall>
      <agd:IU>
        <agd:ArbetsgivareIUGROUP>
          <agd:AgRegistreradId faltkod="201">165560143041</agd:AgRegistreradId>
        </agd:ArbetsgivareIUGROUP>
        <agd:BetalningsmottagareIUGROUP>
          <agd:BetalningsmottagareIDChoice>
            <agd:BetalningsmottagarId faltkod="215">198208302383</agd:BetalningsmottagarId>
          </agd:BetalningsmottagareIDChoice>
        </agd:BetalningsmottagareIUGROUP>
        <agd:RedovisningsPeriod faltkod="006">201901</agd:RedovisningsPeriod>
        <agd:Specifikationsnummer faltkod="570">001</agd:Specifikationsnummer>
        <agd:AvdrPrelSkatt faltkod="001">4130</agd:AvdrPrelSkatt>
        <agd:ErsattningsKod1 faltkod="004">100</agd:ErsattningsKod1>
        <agd:ErsattningsBelopp1 faltkod="005">13970</agd:ErsattningsBelopp1>
      </agd:IU>
    </agd:Blankettinnehall>
  </agd:Blankett>
  
  <!-- Uppgift 5 IU Utsändningsfall -->
  <agd:Blankett>
    <agd:Arendeinformation>
      <agd:Arendeagare>165560143041</agd:Arendeagare>
      <agd:Period>201901</agd:Period>
    </agd:Arendeinformation>
    <agd:Blankettinnehall>
      <agd:IU>
        <agd:ArbetsgivareIUGROUP>
          <agd:AgRegistreradId faltkod="201">165560143041</agd:AgRegistreradId>
        </agd:ArbetsgivareIUGROUP>
        <agd:BetalningsmottagareIUGROUP>
          <agd:BetalningsmottagareIDChoice>
            <agd:BetalningsmottagarId faltkod="215">198111012392</agd:BetalningsmottagarId>
          </agd:BetalningsmottagareIDChoice>
        </agd:BetalningsmottagareIUGROUP>
        <agd:RedovisningsPeriod faltkod="006">201901</agd:RedovisningsPeriod>
        <agd:Specifikationsnummer faltkod="570">001</agd:Specifikationsnummer>
        <agd:KontantErsattningUlagAG faltkod="011">52450</agd:KontantErsattningUlagAG>
        <agd:EjskatteavdragEjbeskattningSv faltkod="276">1</agd:EjskatteavdragEjbeskattningSv>
        <agd:UtsandUnderTid faltkod="091">C</agd:UtsandUnderTid>
        <agd:KonventionMed faltkod="305">1A</agd:KonventionMed>
        <agd:LandskodArbetsland faltkod="090">US</agd:LandskodArbetsland>
      </agd:IU>
    </agd:Blankettinnehall>
  </agd:Blankett>

  <!-- Uppgift 6 IU med utsändningsfall -->
  <agd:Blankett>
    <agd:Arendeinformation>
      <agd:Arendeagare>165560143041</agd:Arendeagare>
      <agd:Period>201901</agd:Period>
    </agd:Arendeinformation>
    <agd:Blankettinnehall>
      <agd:IU>
        <agd:ArbetsgivareIUGROUP>
          <agd:AgRegistreradId faltkod="201">165560143041</agd:AgRegistreradId>
        </agd:ArbetsgivareIUGROUP>
        <agd:BetalningsmottagareIUGROUP>
          <agd:BetalningsmottagareIDChoice>
            <agd:BetalningsmottagarId faltkod="215">198005092385</agd:BetalningsmottagarId>
          </agd:BetalningsmottagareIDChoice>
          <agd:LandskodMedborgare faltkod="081">FR</agd:LandskodMedborgare>
        </agd:BetalningsmottagareIUGROUP>
        <agd:RedovisningsPeriod faltkod="006">201901</agd:RedovisningsPeriod>
        <agd:Specifikationsnummer faltkod="570">002</agd:Specifikationsnummer>
        <agd:AvdrPrelSkatt faltkod="001">21540</agd:AvdrPrelSkatt>
        <agd:KontantErsattningEjUlagSA faltkod="131">49830</agd:KontantErsattningEjUlagSA>
        <agd:UtsandUnderTid faltkod="091">B</agd:UtsandUnderTid>
      </agd:IU>
    </agd:Blankettinnehall>
  </agd:Blankett>

    <!-- Uppgift 7 IU Sjöman -->
  <agd:Blankett>
    <agd:Arendeinformation>
      <agd:Arendeagare>165560143041</agd:Arendeagare>
      <agd:Period>201901</agd:Period>
    </agd:Arendeinformation>
    <agd:Blankettinnehall>
      <agd:IU>
        <agd:ArbetsgivareIUGROUP>
          <agd:AgRegistreradId faltkod="201">165560143041</agd:AgRegistreradId>
        </agd:ArbetsgivareIUGROUP>
        <agd:BetalningsmottagareIUGROUP>
          <agd:BetalningsmottagareIDChoice>
            <agd:BetalningsmottagarId faltkod="215">197711027768</agd:BetalningsmottagarId>
          </agd:BetalningsmottagareIDChoice>
        </agd:BetalningsmottagareIUGROUP>
        <agd:RedovisningsPeriod faltkod="006">201901</agd:RedovisningsPeriod>
        <agd:Specifikationsnummer faltkod="570">001</agd:Specifikationsnummer>
        <agd:KontantErsattningUlagAG faltkod="011">29400</agd:KontantErsattningUlagAG>
        <agd:AvdrPrelSkatt faltkod="001">9300</agd:AvdrPrelSkatt>
        <agd:Fartygssignal faltkod="026">ABCD</agd:Fartygssignal>
        <agd:AntalDagarSjoinkomst faltkod="027">2</agd:AntalDagarSjoinkomst>
        <agd:NarfartFjarrfart faltkod="028">N</agd:NarfartFjarrfart>
        <agd:FartygetsNamn faltkod="223">Gaffeln</agd:FartygetsNamn>
      </agd:IU>
    </agd:Blankettinnehall>
  </agd:Blankett>

  <!-- Uppgift 8 Sjöman SINK -->
  <agd:Blankett>
    <agd:Arendeinformation>
      <agd:Arendeagare>165560143041</agd:Arendeagare>
      <agd:Period>201901</agd:Period>
    </agd:Arendeinformation>
    <agd:Blankettinnehall>
      <agd:IU>
        <agd:ArbetsgivareIUGROUP>
          <agd:AgRegistreradId faltkod="201">165560143041</agd:AgRegistreradId>
        </agd:ArbetsgivareIUGROUP>
        <agd:BetalningsmottagareIUGROUP>
          <agd:BetalningsmottagareIDChoice>
            <agd:BetalningsmottagarId faltkod="215">197203732396</agd:BetalningsmottagarId>
          </agd:BetalningsmottagareIDChoice>
        </agd:BetalningsmottagareIUGROUP>
        <agd:RedovisningsPeriod faltkod="006">201901</agd:RedovisningsPeriod>
        <agd:Specifikationsnummer faltkod="570">001</agd:Specifikationsnummer>
        <agd:KontantErsattningUlagAG faltkod="011">19670</agd:KontantErsattningUlagAG>
        <agd:AvdrSkattSINK faltkod="274">3934</agd:AvdrSkattSINK>
        <agd:Fartygssignal faltkod="026">EFGH</agd:Fartygssignal>
        <agd:AntalDagarSjoinkomst faltkod="027">3</agd:AntalDagarSjoinkomst>
        <agd:NarfartFjarrfart faltkod="028">N</agd:NarfartFjarrfart>
        <agd:FartygetsNamn faltkod="223">Fartyget</agd:FartygetsNamn>
      </agd:IU>
    </agd:Blankettinnehall>
  </agd:Blankett>
 
</Skatteverket>
