﻿<?xml version="1.0" encoding="UTF-8" standalone="no"?>
<Skatteverket omrade="Arbetsgivardeklaration" xmlns="http://xmls.skatteverket.se/se/skatteverket/da/instans/schema/1.1" xmlns:agd="http://xmls.skatteverket.se/se/skatteverket/da/komponent/schema/1.1" xmlns:xsi="http://www.w3.org/2001/XMLSchema-instance" xsi:schemaLocation="http://xmls.skatteverket.se/se/skatteverket/da/instans/schema/1.1 http://xmls.skatteverket.se/se/skatteverket/da/arbetsgivardeklaration/arbetsgivardeklaration_1.1.xsd">
  <agd:Avsandare>
    <agd:Programnamn>Programutvecklarna AB</agd:Programnamn>
    <agd:Organisationsnummer>190002039006</agd:Organisationsnummer>
    <agd:TekniskKontaktperson>
      <agd:Namn>Ville Vessla</agd:Namn>
      <agd:Telefon>023-4-244454</agd:Telefon>
      <agd:Epostadress>ville.vessla@sonjasfrohandel.se</agd:Epostadress>
      <agd:Utdelningsadress1>Artillerigatan 11</agd:Utdelningsadress1>
      <agd:Postnummer>62145</agd:Postnummer>
      <agd:Postort>Låtby</agd:Postort>
    </agd:TekniskKontaktperson>
    <agd:Skapad>2019-01-30T07:42:25</agd:Skapad>
  </agd:Avsandare>
  <agd:Blankettgemensamt>
    <agd:Arbetsgivare>
      <agd:AgRegistreradId>165560144106</agd:AgRegistreradId>
      <agd:Kontaktperson>
        <agd:Namn>Jonas Persson</agd:Namn>
        <agd:Telefon>23-2-4-244454</agd:Telefon>
        <agd:Epostadress>jonas.persson@forsakrarna.se</agd:Epostadress>
        <agd:Sakomrade>nya försäkringar</agd:Sakomrade>
      </agd:Kontaktperson>
      <agd:Kontaktperson>
        <agd:Namn>Johanna Jansson</agd:Namn>
        <agd:Telefon>23-2-4-244498</agd:Telefon>
        <agd:Epostadress>johanna.jansson@forsakrarna.se</agd:Epostadress>
        <agd:Sakomrade>gamla försäkringar</agd:Sakomrade>
      </agd:Kontaktperson>
    </agd:Arbetsgivare>
  </agd:Blankettgemensamt>

  <!-- Uppgift 1 IU -->
  <agd:Blankett>
    <agd:Arendeinformation>
      <agd:Arendeagare>165560144106</agd:Arendeagare>
      <agd:Period>201901</agd:Period>
    </agd:Arendeinformation>
    <agd:Blankettinnehall>
      <agd:IU>
        <agd:ArbetsgivareIUGROUP>
          <agd:AgRegistreradId faltkod="201">165560144106</agd:AgRegistreradId>
        </agd:ArbetsgivareIUGROUP>
        <agd:BetalningsmottagareIUGROUP>
          <agd:BetalningsmottagareIDChoice>
            <agd:BetalningsmottagarId faltkod="215">198208302383</agd:BetalningsmottagarId>
          </agd:BetalningsmottagareIDChoice>
        </agd:BetalningsmottagareIUGROUP>
        <agd:RedovisningsPeriod faltkod="006">201901</agd:RedovisningsPeriod>
        <agd:Specifikationsnummer faltkod="570">001</agd:Specifikationsnummer>
        <agd:AvdrPrelSkatt faltkod="001">4130</agd:AvdrPrelSkatt>
        <agd:ErsattningsKod1 faltkod="004">100</agd:ErsattningsKod1>
        <agd:ErsattningsBelopp1 faltkod="005">13970</agd:ErsattningsBelopp1>
      </agd:IU>
    </agd:Blankettinnehall>
  </agd:Blankett>

</Skatteverket>
